symbol,start_date,end_date
A,1900-01-01 00:00:00+00:00,2026-03-04 00:00:00+00:00
AA,1900-01-01 00:00:00+00:00,2016-11-01 00:00:00+00:00
AAL,2015-03-23 00:00:00+00:00,2024-09-23 00:00:00+00:00
AAP,2015-07-08 00:00:00+00:00,2023-08-25 00:00:00+00:00
AAPL,1900-01-01 00:00:00+00:00,2026-03-04 00:00:00+00:00
ABBV,2013-01-02 00:00:00+00:00,2026-03-04 00:00:00+00:00
ABK,2000-12-05 00:00:00+00:00,2008-06-10 00:00:00+00:00
ABMD,2018-05-31 00:00:00+00:00,2022-12-22 00:00:00+00:00
ABNB,2023-09-18 00:00:00+00:00,2026-03-04 00:00:00+00:00
ABS,1900-01-01 00:00:00+00:00,2006-06-02 00:00:00+00:00
ABT,1900-01-01 00:00:00+00:00,2026-03-04 00:00:00+00:00
ACAS,1900-01-01 00:00:00+00:00,2009-03-03 00:00:00+00:00
ACE,1900-01-01 00:00:00+00:00,2016-01-19 00:00:00+00:00
ACGL,2022-11-01 00:00:00+00:00,2026-03-04 00:00:00+00:00
ACN,2011-07-05 00:00:00+00:00,2026-03-04 00:00:00+00:00
ADBE,1900-01-01 00:00:00+00:00,2026-03-04 00:00:00+00:00
ADCT,1900-01-01 00:00:00+00:00,2007-07-02 00:00:00+00:00
ADI,1900-01-01 00:00:00+00:00,2026-03-04 00:00:00+00:00
ADM,1900-01-01 00:00:00+00:00,2026-03-04 00:00:00+00:00
ADP,1900-01-01 00:00:00+00:00,2026-03-04 00:00:00+00:00
ADS,2013-12-23 00:00:00+00:00,2020-06-22 00:00:00+00:00
ADSK,1900-01-01 00:00:00+00:00,2026-03-04 00:00:00+00:00
ADT,2012-10-01 00:00:00+00:00,2016-05-03 00:00:00+00:00
AEE,1900-01-01 00:00:00+00:00,2026-03-04 00:00:00+00:00
AEP,1900-01-01 00:00:00+00:00,2026-03-04 00:00:00+00:00
AES,1900-01-01 00:00:00+00:00,2026-03-04 00:00:00+00:00
AET,1900-01-01 00:00:00+00:00,2018-12-03 00:00:00+00:00
AFL,1900-01-01 00:00:00+00:00,2026-03-04 00:00:00+00:00
AGN,1900-01-01 00:00:00+00:00,2020-05-12 00:00:00+00:00
AIG,1900-01-01 00:00:00+00:00,2026-03-04 00:00:00+00:00
AIV,1900-01-01 00:00:00+00:00,2020-12-21 00:00:00+00:00
AIZ,1900-01-01 00:00:00+00:00,2026-03-04 00:00:00+00:00
AJG,2016-05-31 00:00:00+00:00,2026-03-04 00:00:00+00:00
AKAM,1900-01-01 00:00:00+00:00,2026-03-04 00:00:00+00:00
AKS,2008-07-01 00:00:00+00:00,2011-12-16 00:00:00+00:00
ALB,2016-07-01 00:00:00+00:00,2026-03-04 00:00:00+00:00
ALGN,2017-06-19 00:00:00+00:00,2026-03-04 00:00:00+00:00
ALK,2016-05-13 00:00:00+00:00,2023-12-18 00:00:00+00:00
ALL,1900-01-01 00:00:00+00:00,2026-03-04 00:00:00+00:00
ALLE,2013-12-02 00:00:00+00:00,2026-03-04 00:00:00+00:00
ALTR,1900-01-01 00:00:00+00:00,2015-12-29 00:00:00+00:00
ALXN,2012-05-21 00:00:00+00:00,2021-07-21 00:00:00+00:00
AMAT,1900-01-01 00:00:00+00:00,2026-03-04 00:00:00+00:00
AMCR,2019-06-11 00:00:00+00:00,2026-03-04 00:00:00+00:00
AMD,1900-01-01 00:00:00+00:00,2013-09-20 00:00:00+00:00
AMD,2017-03-20 00:00:00+00:00,2026-03-04 00:00:00+00:00
AME,2013-09-20 00:00:00+00:00,2026-03-04 00:00:00+00:00
AMG,2014-07-01 00:00:00+00:00,2019-12-23 00:00:00+00:00
AMGN,1900-01-01 00:00:00+00:00,2026-03-04 00:00:00+00:00
AMP,1900-01-01 00:00:00+00:00,2026-03-04 00:00:00+00:00
AMT,1900-01-01 00:00:00+00:00,2026-03-04 00:00:00+00:00
AMTM,2024-09-30 00:00:00+00:00,2024-12-23 00:00:00+00:00
AMZN,2005-11-18 00:00:00+00:00,2026-03-04 00:00:00+00:00
AN,1900-01-01 00:00:00+00:00,2017-08-08 00:00:00+00:00
ANDV,1900-01-01 00:00:00+00:00,2018-10-01 00:00:00+00:00
ANET,2018-08-28 00:00:00+00:00,2026-03-04 00:00:00+00:00
ANF,1900-01-01 00:00:00+00:00,2013-12-23 00:00:00+00:00
ANR,2011-06-01 00:00:00+00:00,2012-10-02 00:00:00+00:00
ANSS,2017-06-19 00:00:00+00:00,2025-07-18 00:00:00+00:00
AON,1900-01-01 00:00:00+00:00,2026-03-04 00:00:00+00:00
AOS,2017-07-26 00:00:00+00:00,2026-03-04 00:00:00+00:00
APA,1900-01-01 00:00:00+00:00,2026-03-04 00:00:00+00:00
APC,1900-01-01 00:00:00+00:00,2019-08-09 00:00:00+00:00
APD,1900-01-01 00:00:00+00:00,2026-03-04 00:00:00+00:00
APH,1900-01-01 00:00:00+00:00,2026-03-04 00:00:00+00:00
APO,2024-12-23 00:00:00+00:00,2026-03-04 00:00:00+00:00
APOL,1900-01-01 00:00:00+00:00,2013-07-01 00:00:00+00:00
APP,2025-09-22 00:00:00+00:00,2026-03-04 00:00:00+00:00
APTV,1900-01-01 00:00:00+00:00,2026-03-04 00:00:00+00:00
ARE,2017-03-20 00:00:00+00:00,2026-03-04 00:00:00+00:00
ARES,2025-12-11 00:00:00+00:00,2026-03-04 00:00:00+00:00
ARG,2009-09-28 00:00:00+00:00,2016-05-23 00:00:00+00:00
ARNC,2016-11-01 00:00:00+00:00,2020-04-01 00:00:00+00:00
ATI,1900-01-01 00:00:00+00:00,2015-07-02 00:00:00+00:00
ATO,2019-02-15 00:00:00+00:00,2026-03-04 00:00:00+00:00
ATVI,2015-08-28 00:00:00+00:00,2023-10-18 00:00:00+00:00
AV,1900-01-01 00:00:00+00:00,2007-10-26 00:00:00+00:00
AVB,2007-01-10 00:00:00+00:00,2026-03-04 00:00:00+00:00
AVGO,2014-05-08 00:00:00+00:00,2026-03-04 00:00:00+00:00
AVP,1900-01-01 00:00:00+00:00,2015-03-23 00:00:00+00:00
AVY,1900-01-01 00:00:00+00:00,2026-03-04 00:00:00+00:00
AWK,2016-03-04 00:00:00+00:00,2026-03-04 00:00:00+00:00
AXON,2023-05-04 00:00:00+00:00,2026-03-04 00:00:00+00:00
AXP,1900-01-01 00:00:00+00:00,2026-03-04 00:00:00+00:00
AYE,1900-01-01 00:00:00+00:00,1976-07-01 00:00:00+00:00
AYE,2000-12-05 00:00:00+00:00,2011-02-25 00:00:00+00:00
AYI,2016-05-03 00:00:00+00:00,2018-06-18 00:00:00+00:00
AZO,1900-01-01 00:00:00+00:00,2026-03-04 00:00:00+00:00
BA,1900-01-01 00:00:00+00:00,2026-03-04 00:00:00+00:00
BAC,1900-01-01 00:00:00+00:00,2026-03-04 00:00:00+00:00
BALL,1900-01-01 00:00:00+00:00,2026-03-04 00:00:00+00:00
BAX,1900-01-01 00:00:00+00:00,2026-03-04 00:00:00+00:00
BBBY,1900-01-01 00:00:00+00:00,2017-07-26 00:00:00+00:00
BBWI,1900-01-01 00:00:00+00:00,2024-10-01 00:00:00+00:00
BBY,1900-01-01 00:00:00+00:00,2026-03-04 00:00:00+00:00
BC,1900-01-01 00:00:00+00:00,2008-06-23 00:00:00+00:00
BCR,1900-01-01 00:00:00+00:00,2018-01-03 00:00:00+00:00
BDX,1900-01-01 00:00:00+00:00,2026-03-04 00:00:00+00:00
BEAM,1900-01-01 00:00:00+00:00,2014-05-01 00:00:00+00:00
BEN,1900-01-01 00:00:00+00:00,2026-03-04 00:00:00+00:00
BF-B,1900-01-01 00:00:00+00:00,2026-03-04 00:00:00+00:00
BG,2023-03-15 00:00:00+00:00,2026-03-04 00:00:00+00:00
BHF,2017-08-08 00:00:00+00:00,2019-04-02 00:00:00+00:00
BHI,1900-01-01 00:00:00+00:00,2017-07-07 00:00:00+00:00
BIG,1900-01-01 00:00:00+00:00,2013-02-15 00:00:00+00:00
BIIB,1900-01-01 00:00:00+00:00,2026-03-04 00:00:00+00:00
BIO,2020-06-22 00:00:00+00:00,2024-09-23 00:00:00+00:00
BJS,1900-01-01 00:00:00+00:00,2010-04-29 00:00:00+00:00
BK,1900-01-01 00:00:00+00:00,2026-03-04 00:00:00+00:00
BKNG,1900-01-01 00:00:00+00:00,2026-03-04 00:00:00+00:00
BKR,2017-07-07 00:00:00+00:00,2026-03-04 00:00:00+00:00
BLDR,2023-12-18 00:00:00+00:00,2026-03-04 00:00:00+00:00
BLK,2011-04-01 00:00:00+00:00,2026-03-04 00:00:00+00:00
BMC,1900-01-01 00:00:00+00:00,2013-09-10 00:00:00+00:00
BMS,1900-01-01 00:00:00+00:00,2014-12-05 00:00:00+00:00
BMS,2019-06-07 00:00:00+00:00,2019-06-11 00:00:00+00:00
BMY,1900-01-01 00:00:00+00:00,2026-03-04 00:00:00+00:00
BR,2018-06-18 00:00:00+00:00,2026-03-04 00:00:00+00:00
BRCM,1900-01-01 00:00:00+00:00,2016-02-01 00:00:00+00:00
BRK-B,1900-01-01 00:00:00+00:00,2026-03-04 00:00:00+00:00
BRO,2021-09-20 00:00:00+00:00,2026-03-04 00:00:00+00:00
BS,1900-01-01 00:00:00+00:00,2000-12-05 00:00:00+00:00
BSX,1900-01-01 00:00:00+00:00,2026-03-04 00:00:00+00:00
BTU,1900-01-01 00:00:00+00:00,2014-09-20 00:00:00+00:00
BWA,2011-12-16 00:00:00+00:00,2025-03-24 00:00:00+00:00
BX,2023-09-18 00:00:00+00:00,2026-03-04 00:00:00+00:00
BXLT,2015-07-01 00:00:00+00:00,2016-06-03 00:00:00+00:00
BXP,1900-01-01 00:00:00+00:00,2026-03-04 00:00:00+00:00
C,1900-01-01 00:00:00+00:00,2026-03-04 00:00:00+00:00
CA,1900-01-01 00:00:00+00:00,2018-11-06 00:00:00+00:00
CAG,1900-01-01 00:00:00+00:00,2026-03-04 00:00:00+00:00
CAH,1900-01-01 00:00:00+00:00,2026-03-04 00:00:00+00:00
CAM,1900-01-01 00:00:00+00:00,2016-04-04 00:00:00+00:00
CARR,2020-04-03 00:00:00+00:00,2026-03-04 00:00:00+00:00
CAT,1900-01-01 00:00:00+00:00,2026-03-04 00:00:00+00:00
CB,2010-07-14 00:00:00+00:00,2026-03-04 00:00:00+00:00
CBE,1900-01-01 00:00:00+00:00,2009-09-28 00:00:00+00:00
CBE,2011-11-18 00:00:00+00:00,2012-12-03 00:00:00+00:00
CBOE,2017-03-01 00:00:00+00:00,2026-03-04 00:00:00+00:00
CBRE,1900-01-01 00:00:00+00:00,2026-03-04 00:00:00+00:00
CCE,1900-01-01 00:00:00+00:00,2016-05-31 00:00:00+00:00
CCI,2012-03-13 00:00:00+00:00,2026-03-04 00:00:00+00:00
CCK,1900-01-01 00:00:00+00:00,2000-12-05 00:00:00+00:00
CCL,1998-12-11 00:00:00+00:00,2026-03-04 00:00:00+00:00
CDNS,2017-09-18 00:00:00+00:00,2026-03-04 00:00:00+00:00
CDW,2019-09-23 00:00:00+00:00,2026-03-04 00:00:00+00:00
CE,2018-12-24 00:00:00+00:00,2025-03-24 00:00:00+00:00
CEG,1900-01-01 00:00:00+00:00,2012-03-13 00:00:00+00:00
CEG,2022-02-02 00:00:00+00:00,2026-03-04 00:00:00+00:00
CELG,1900-01-01 00:00:00+00:00,2019-11-21 00:00:00+00:00
CEPH,1900-01-01 00:00:00+00:00,2011-10-14 00:00:00+00:00
CERN,2010-04-29 00:00:00+00:00,2022-06-08 00:00:00+00:00
CF,1900-01-01 00:00:00+00:00,2026-03-04 00:00:00+00:00
CFC,1900-01-01 00:00:00+00:00,2008-07-01 00:00:00+00:00
CFG,2016-02-01 00:00:00+00:00,2026-03-04 00:00:00+00:00
CFN,1900-01-01 00:00:00+00:00,2015-03-18 00:00:00+00:00
CHD,2015-12-29 00:00:00+00:00,2026-03-04 00:00:00+00:00
CHK,1900-01-01 00:00:00+00:00,2018-03-19 00:00:00+00:00
CHRW,1900-01-01 00:00:00+00:00,2026-03-04 00:00:00+00:00
CHTR,2016-09-08 00:00:00+00:00,2026-03-04 00:00:00+00:00
CI,1900-01-01 00:00:00+00:00,2026-03-04 00:00:00+00:00
CIEN,1900-01-01 00:00:00+00:00,2009-12-18 00:00:00+00:00
CIEN,2026-02-09 00:00:00+00:00,2026-03-04 00:00:00+00:00
CINF,1900-01-01 00:00:00+00:00,2026-03-04 00:00:00+00:00
CL,1900-01-01 00:00:00+00:00,2026-03-04 00:00:00+00:00
CLF,2009-12-18 00:00:00+00:00,2014-04-02 00:00:00+00:00
CLX,1900-01-01 00:00:00+00:00,2026-03-04 00:00:00+00:00
CMA,1900-01-01 00:00:00+00:00,2024-06-24 00:00:00+00:00
CMCSA,1900-01-01 00:00:00+00:00,2026-03-04 00:00:00+00:00
CMCSK,2015-09-18 00:00:00+00:00,2015-12-15 00:00:00+00:00
CME,1900-01-01 00:00:00+00:00,2026-03-04 00:00:00+00:00
CMG,2011-04-27 00:00:00+00:00,2026-03-04 00:00:00+00:00
CMI,1900-01-01 00:00:00+00:00,2026-03-04 00:00:00+00:00
CMS,1900-01-01 00:00:00+00:00,2026-03-04 00:00:00+00:00
CNC,2016-03-30 00:00:00+00:00,2026-03-04 00:00:00+00:00
CNP,1900-01-01 00:00:00+00:00,2026-03-04 00:00:00+00:00
CNX,1900-01-01 00:00:00+00:00,2016-03-04 00:00:00+00:00
COF,1900-01-01 00:00:00+00:00,2026-03-04 00:00:00+00:00
COIN,2025-05-19 00:00:00+00:00,2026-03-04 00:00:00+00:00
COL,1900-01-01 00:00:00+00:00,2018-12-03 00:00:00+00:00
COO,2016-09-22 00:00:00+00:00,2026-03-04 00:00:00+00:00
COP,1900-01-01 00:00:00+00:00,2026-03-04 00:00:00+00:00
COR,1900-01-01 00:00:00+00:00,2026-03-04 00:00:00+00:00
COST,1900-01-01 00:00:00+00:00,2026-03-04 00:00:00+00:00
COTY,2016-09-30 00:00:00+00:00,2020-09-21 00:00:00+00:00
COV,1900-01-01 00:00:00+00:00,2009-06-05 00:00:00+00:00
COV,2011-02-28 00:00:00+00:00,2015-01-27 00:00:00+00:00
CPAY,1900-01-01 00:00:00+00:00,2026-03-04 00:00:00+00:00
CPB,1900-01-01 00:00:00+00:00,2026-03-04 00:00:00+00:00
CPGX,2015-07-02 00:00:00+00:00,2016-07-05 00:00:00+00:00
CPRI,1900-01-01 00:00:00+00:00,2020-05-12 00:00:00+00:00
CPRT,2018-07-02 00:00:00+00:00,2026-03-04 00:00:00+00:00
CPT,2022-04-04 00:00:00+00:00,2026-03-04 00:00:00+00:00
CPWR,1998-12-11 00:00:00+00:00,2011-12-31 00:00:00+00:00
CRH,2025-12-22 00:00:00+00:00,2026-03-04 00:00:00+00:00
CRL,2021-05-14 00:00:00+00:00,2026-03-04 00:00:00+00:00
CRM,2008-09-12 00:00:00+00:00,2026-03-04 00:00:00+00:00
CRWD,2024-06-24 00:00:00+00:00,2026-03-04 00:00:00+00:00
CSC,1900-01-01 00:00:00+00:00,2015-12-01 00:00:00+00:00
CSCO,1900-01-01 00:00:00+00:00,2026-03-04 00:00:00+00:00
CSGP,2022-09-19 00:00:00+00:00,2026-03-04 00:00:00+00:00
CSRA,2015-12-01 00:00:00+00:00,2018-04-04 00:00:00+00:00
CSX,1900-01-01 00:00:00+00:00,2026-03-04 00:00:00+00:00
CTAS,1900-01-01 00:00:00+00:00,2026-03-04 00:00:00+00:00
CTLT,2020-09-21 00:00:00+00:00,2024-12-23 00:00:00+00:00
CTRA,1900-01-01 00:00:00+00:00,2026-03-04 00:00:00+00:00
CTSH,1900-01-01 00:00:00+00:00,2026-03-04 00:00:00+00:00
CTVA,2019-06-03 00:00:00+00:00,2026-03-04 00:00:00+00:00
CTX,1900-01-01 00:00:00+00:00,2009-08-19 00:00:00+00:00
CTXS,1900-01-01 00:00:00+00:00,2022-10-03 00:00:00+00:00
CVC,2010-12-17 00:00:00+00:00,2016-06-22 00:00:00+00:00
CVG,2000-06-12 00:00:00+00:00,2009-12-18 00:00:00+00:00
CVH,1900-01-01 00:00:00+00:00,2013-05-08 00:00:00+00:00
CVNA,2025-12-22 00:00:00+00:00,2026-03-04 00:00:00+00:00
CVS,1900-01-01 00:00:00+00:00,2026-03-04 00:00:00+00:00
CVX,1900-01-01 00:00:00+00:00,2026-03-04 00:00:00+00:00
CXO,2016-02-22 00:00:00+00:00,2021-01-21 00:00:00+00:00
CZR,2021-03-22 00:00:00+00:00,2025-09-22 00:00:00+00:00
D,1900-01-01 00:00:00+00:00,2026-03-04 00:00:00+00:00
DAL,2013-09-10 00:00:00+00:00,2026-03-04 00:00:00+00:00
DASH,2025-03-24 00:00:00+00:00,2026-03-04 00:00:00+00:00
DAY,1900-01-01 00:00:00+00:00,2026-02-09 00:00:00+00:00
DD,1900-01-01 00:00:00+00:00,2017-09-01 00:00:00+00:00
DD,2019-06-03 00:00:00+00:00,2026-03-04 00:00:00+00:00
DDOG,2025-07-09 00:00:00+00:00,2026-03-04 00:00:00+00:00
DE,1900-01-01 00:00:00+00:00,2026-03-04 00:00:00+00:00
DECK,2024-03-18 00:00:00+00:00,2026-03-04 00:00:00+00:00
DELL,1900-01-01 00:00:00+00:00,2013-10-29 00:00:00+00:00
DELL,2024-09-23 00:00:00+00:00,2026-03-04 00:00:00+00:00
DF,1900-01-01 00:00:00+00:00,2013-05-23 00:00:00+00:00
DFS,2007-07-02 00:00:00+00:00,2025-05-19 00:00:00+00:00
DG,2012-12-03 00:00:00+00:00,2026-03-04 00:00:00+00:00
DGX,1900-01-01 00:00:00+00:00,2026-03-04 00:00:00+00:00
DHI,1900-01-01 00:00:00+00:00,2026-03-04 00:00:00+00:00
DHR,1900-01-01 00:00:00+00:00,2026-03-04 00:00:00+00:00
DIS,1976-07-01 00:00:00+00:00,2026-03-04 00:00:00+00:00
DISCA,1900-01-01 00:00:00+00:00,2022-04-11 00:00:00+00:00
DISCK,2014-08-06 00:00:00+00:00,2022-04-11 00:00:00+00:00
DISH,2017-03-13 00:00:00+00:00,2023-06-20 00:00:00+00:00
DJ,1900-01-01 00:00:00+00:00,2007-12-13 00:00:00+00:00
DLR,2016-05-18 00:00:00+00:00,2026-03-04 00:00:00+00:00
DLTR,2011-12-16 00:00:00+00:00,2026-03-04 00:00:00+00:00
DNB,1900-01-01 00:00:00+00:00,2017-04-05 00:00:00+00:00
DNR,1900-01-01 00:00:00+00:00,2015-03-23 00:00:00+00:00
DO,1900-01-01 00:00:00+00:00,2016-09-30 00:00:00+00:00
DOC,1900-01-01 00:00:00+00:00,2026-03-04 00:00:00+00:00
DOV,1900-01-01 00:00:00+00:00,2026-03-04 00:00:00+00:00
DOW,1900-01-01 00:00:00+00:00,2017-09-01 00:00:00+00:00
DOW,2019-04-02 00:00:00+00:00,2026-03-04 00:00:00+00:00
DPS,1900-01-01 00:00:00+00:00,2018-07-02 00:00:00+00:00
DPZ,2020-05-12 00:00:00+00:00,2026-03-04 00:00:00+00:00
DRE,2017-07-26 00:00:00+00:00,2022-10-03 00:00:00+00:00
DRI,1900-01-01 00:00:00+00:00,2026-03-04 00:00:00+00:00
DTE,1900-01-01 00:00:00+00:00,2026-03-04 00:00:00+00:00
DTV,1900-01-01 00:00:00+00:00,2015-07-29 00:00:00+00:00
DUK,1900-01-01 00:00:00+00:00,2026-03-04 00:00:00+00:00
DV,1900-01-01 00:00:00+00:00,2012-10-01 00:00:00+00:00
DVA,1900-01-01 00:00:00+00:00,2026-03-04 00:00:00+00:00
DVN,1900-01-01 00:00:00+00:00,2026-03-04 00:00:00+00:00
DWDP,2017-09-01 00:00:00+00:00,2019-06-03 00:00:00+00:00
DXC,2017-04-04 00:00:00+00:00,2023-10-03 00:00:00+00:00
DXCM,2020-05-12 00:00:00+00:00,2026-03-04 00:00:00+00:00
DYN,1900-01-01 00:00:00+00:00,2009-12-18 00:00:00+00:00
EA,1900-01-01 00:00:00+00:00,2026-03-04 00:00:00+00:00
EBAY,1900-01-01 00:00:00+00:00,2026-03-04 00:00:00+00:00
ECL,1900-01-01 00:00:00+00:00,2026-03-04 00:00:00+00:00
ED,1900-01-01 00:00:00+00:00,2026-03-04 00:00:00+00:00
EFX,1900-01-01 00:00:00+00:00,2026-03-04 00:00:00+00:00
EG,1900-01-01 00:00:00+00:00,2026-03-04 00:00:00+00:00
EIX,1900-01-01 00:00:00+00:00,2026-03-04 00:00:00+00:00
EK,1900-01-01 00:00:00+00:00,2010-12-17 00:00:00+00:00
EL,1900-01-01 00:00:00+00:00,2026-03-04 00:00:00+00:00
ELV,1900-01-01 00:00:00+00:00,2026-03-04 00:00:00+00:00
EMC,1900-01-01 00:00:00+00:00,2016-09-08 00:00:00+00:00
EME,2025-09-22 00:00:00+00:00,2026-03-04 00:00:00+00:00
EMN,1900-01-01 00:00:00+00:00,2025-11-04 00:00:00+00:00
EMR,1900-01-01 00:00:00+00:00,2026-03-04 00:00:00+00:00
ENDP,2015-01-27 00:00:00+00:00,2017-03-02 00:00:00+00:00
ENPH,2021-01-07 00:00:00+00:00,2025-09-22 00:00:00+00:00
EOG,1900-01-01 00:00:00+00:00,2026-03-04 00:00:00+00:00
EP,1900-01-01 00:00:00+00:00,2012-05-17 00:00:00+00:00
EPAM,2021-12-14 00:00:00+00:00,2026-03-04 00:00:00+00:00
EQIX,2015-03-23 00:00:00+00:00,2026-03-04 00:00:00+00:00
EQR,1900-01-01 00:00:00+00:00,2026-03-04 00:00:00+00:00
EQT,1900-01-01 00:00:00+00:00,2018-11-13 00:00:00+00:00
EQT,2022-10-03 00:00:00+00:00,2026-03-04 00:00:00+00:00
ERIE,2024-09-23 00:00:00+00:00,2026-03-04 00:00:00+00:00
ES,1900-01-01 00:00:00+00:00,2026-03-04 00:00:00+00:00
ESRX,2003-09-25 00:00:00+00:00,2018-12-24 00:00:00+00:00
ESS,2014-04-02 00:00:00+00:00,2026-03-04 00:00:00+00:00
ESV,2012-07-31 00:00:00+00:00,2016-03-30 00:00:00+00:00
ETFC,1900-01-01 00:00:00+00:00,2020-10-07 00:00:00+00:00
ETN,1900-01-01 00:00:00+00:00,2026-03-04 00:00:00+00:00
ETR,1900-01-01 00:00:00+00:00,2026-03-04 00:00:00+00:00
ETSY,2020-09-21 00:00:00+00:00,2024-09-23 00:00:00+00:00
EVHC,2016-12-02 00:00:00+00:00,2018-10-11 00:00:00+00:00
EVRG,2018-06-05 00:00:00+00:00,2026-03-04 00:00:00+00:00
EW,2011-03-31 00:00:00+00:00,2026-03-04 00:00:00+00:00
EXC,1900-01-01 00:00:00+00:00,2026-03-04 00:00:00+00:00
EXE,2025-03-24 00:00:00+00:00,2026-03-04 00:00:00+00:00
EXPD,1900-01-01 00:00:00+00:00,2026-03-04 00:00:00+00:00
EXPE,2007-10-02 00:00:00+00:00,2026-03-04 00:00:00+00:00
EXR,2016-01-19 00:00:00+00:00,2026-03-04 00:00:00+00:00
F,1900-01-01 00:00:00+00:00,2026-03-04 00:00:00+00:00
FANG,2018-12-03 00:00:00+00:00,2026-03-04 00:00:00+00:00
FAST,2008-09-12 00:00:00+00:00,2026-03-04 00:00:00+00:00
FBHS,2016-06-22 00:00:00+00:00,2022-12-19 00:00:00+00:00
FCX,1900-01-01 00:00:00+00:00,2026-03-04 00:00:00+00:00
FDC,1900-01-01 00:00:00+00:00,2007-09-26 00:00:00+00:00
FDO,1900-01-01 00:00:00+00:00,2015-07-08 00:00:00+00:00
FDS,2021-12-20 00:00:00+00:00,2026-03-04 00:00:00+00:00
FDX,1900-01-01 00:00:00+00:00,2026-03-04 00:00:00+00:00
FE,1900-01-01 00:00:00+00:00,2026-03-04 00:00:00+00:00
FFIV,2010-12-17 00:00:00+00:00,2026-03-04 00:00:00+00:00
FHN,1900-01-01 00:00:00+00:00,2013-06-21 00:00:00+00:00
FICO,2023-03-20 00:00:00+00:00,2026-03-04 00:00:00+00:00
FII,1900-01-01 00:00:00+00:00,2013-01-02 00:00:00+00:00
FIS,1900-01-01 00:00:00+00:00,2026-03-04 00:00:00+00:00
FISV,1900-01-01 00:00:00+00:00,2026-03-04 00:00:00+00:00
FITB,1900-01-01 00:00:00+00:00,2026-03-04 00:00:00+00:00
FIX,2025-12-22 00:00:00+00:00,2026-03-04 00:00:00+00:00
FL,2016-04-04 00:00:00+00:00,2019-08-09 00:00:00+00:00
FLIR,1900-01-01 00:00:00+00:00,2021-05-14 00:00:00+00:00
FLR,1900-01-01 00:00:00+00:00,2019-06-03 00:00:00+00:00
FLS,1900-01-01 00:00:00+00:00,2021-03-22 00:00:00+00:00
FMC,2009-08-19 00:00:00+00:00,2025-03-24 00:00:00+00:00
FNM,1900-01-01 00:00:00+00:00,2008-09-12 00:00:00+00:00
FOSL,2012-04-03 00:00:00+00:00,2016-01-05 00:00:00+00:00
FOX,2015-09-18 00:00:00+00:00,2026-03-04 00:00:00+00:00
FOXA,1900-01-01 00:00:00+00:00,2026-03-04 00:00:00+00:00
FRC,2019-01-02 00:00:00+00:00,2023-05-04 00:00:00+00:00
FRE,1900-01-01 00:00:00+00:00,2008-09-12 00:00:00+00:00
FRT,2016-02-01 00:00:00+00:00,2026-03-04 00:00:00+00:00
FRX,1900-01-01 00:00:00+00:00,2014-07-01 00:00:00+00:00
FSLR,1900-01-01 00:00:00+00:00,2017-03-20 00:00:00+00:00
FSLR,2022-12-19 00:00:00+00:00,2026-03-04 00:00:00+00:00
FTI,2009-06-05 00:00:00+00:00,2021-02-12 00:00:00+00:00
FTNT,2018-10-11 00:00:00+00:00,2026-03-04 00:00:00+00:00
FTR,1900-01-01 00:00:00+00:00,2017-03-20 00:00:00+00:00
FTV,2016-07-05 00:00:00+00:00,2026-03-04 00:00:00+00:00
GAS,1900-01-01 00:00:00+00:00,2016-07-01 00:00:00+00:00
GD,1900-01-01 00:00:00+00:00,2026-03-04 00:00:00+00:00
GDDY,2024-06-24 00:00:00+00:00,2026-03-04 00:00:00+00:00
GE,1900-01-01 00:00:00+00:00,2026-03-04 00:00:00+00:00
GEHC,2023-01-04 00:00:00+00:00,2026-03-04 00:00:00+00:00
GEN,1900-01-01 00:00:00+00:00,2026-03-04 00:00:00+00:00
GENZ,1900-01-01 00:00:00+00:00,2011-04-01 00:00:00+00:00
GEV,2024-04-02 00:00:00+00:00,2026-03-04 00:00:00+00:00
GGP,2013-12-10 00:00:00+00:00,2018-08-28 00:00:00+00:00
GHC,1900-01-01 00:00:00+00:00,2014-09-20 00:00:00+00:00
GILD,1900-01-01 00:00:00+00:00,2026-03-04 00:00:00+00:00
GIS,1900-01-01 00:00:00+00:00,2026-03-04 00:00:00+00:00
GL,1900-01-01 00:00:00+00:00,2026-03-04 00:00:00+00:00
GLK,1900-01-01 00:00:00+00:00,2005-07-01 00:00:00+00:00
GLW,1900-01-01 00:00:00+00:00,2026-03-04 00:00:00+00:00
GM,2013-06-06 00:00:00+00:00,2026-03-04 00:00:00+00:00
GMCR,2014-03-21 00:00:00+00:00,2016-03-07 00:00:00+00:00
GME,2007-12-13 00:00:00+00:00,2016-04-25 00:00:00+00:00
GNRC,2021-03-22 00:00:00+00:00,2026-03-04 00:00:00+00:00
GNW,1900-01-01 00:00:00+00:00,2015-11-18 00:00:00+00:00
GOOG,1900-01-01 00:00:00+00:00,2026-03-04 00:00:00+00:00
GOOGL,2014-04-03 00:00:00+00:00,2026-03-04 00:00:00+00:00
GPC,1900-01-01 00:00:00+00:00,2026-03-04 00:00:00+00:00
GPN,2016-04-25 00:00:00+00:00,2026-03-04 00:00:00+00:00
GPS,1900-01-01 00:00:00+00:00,2022-02-03 00:00:00+00:00
GR,1900-01-01 00:00:00+00:00,2012-07-31 00:00:00+00:00
GRA,1900-01-01 00:00:00+00:00,2000-12-05 00:00:00+00:00
GRMN,2012-12-11 00:00:00+00:00,2026-03-04 00:00:00+00:00
GRN,1900-01-01 00:00:00+00:00,1998-12-11 00:00:00+00:00
GS,1900-01-01 00:00:00+00:00,2026-03-04 00:00:00+00:00
GT,1900-01-01 00:00:00+00:00,2019-02-27 00:00:00+00:00
GWW,1900-01-01 00:00:00+00:00,2026-03-04 00:00:00+00:00
HAL,1900-01-01 00:00:00+00:00,2026-03-04 00:00:00+00:00
HAR,1900-01-01 00:00:00+00:00,2017-03-16 00:00:00+00:00
HAS,1900-01-01 00:00:00+00:00,2026-03-04 00:00:00+00:00
HBAN,1900-01-01 00:00:00+00:00,2026-03-04 00:00:00+00:00
HBI,2015-03-23 00:00:00+00:00,2021-12-20 00:00:00+00:00
HCA,2015-01-27 00:00:00+00:00,2026-03-04 00:00:00+00:00
HCBK,1900-01-01 00:00:00+00:00,2015-11-02 00:00:00+00:00
HD,1900-01-01 00:00:00+00:00,2026-03-04 00:00:00+00:00
HES,1900-01-01 00:00:00+00:00,2025-07-23 00:00:00+00:00
HFC,2018-06-18 00:00:00+00:00,2021-06-04 00:00:00+00:00
HIG,1900-01-01 00:00:00+00:00,2026-03-04 00:00:00+00:00
HII,2018-01-03 00:00:00+00:00,2026-03-04 00:00:00+00:00
HLT,2017-06-19 00:00:00+00:00,2026-03-04 00:00:00+00:00
HNG,1900-01-01 00:00:00+00:00,1976-07-01 00:00:00+00:00
HNZ,1900-01-01 00:00:00+00:00,2013-06-06 00:00:00+00:00
HOG,1900-01-01 00:00:00+00:00,2020-06-22 00:00:00+00:00
HOLX,2016-03-30 00:00:00+00:00,2026-03-04 00:00:00+00:00
HON,1900-01-01 00:00:00+00:00,2026-03-04 00:00:00+00:00
HOOD,2025-09-22 00:00:00+00:00,2026-03-04 00:00:00+00:00
HOT,1900-01-01 00:00:00+00:00,2016-09-22 00:00:00+00:00
HP,2010-02-26 00:00:00+00:00,2020-05-22 00:00:00+00:00
HPE,2015-11-02 00:00:00+00:00,2026-03-04 00:00:00+00:00
HPH,1900-01-01 00:00:00+00:00,1999-06-09 00:00:00+00:00
HPQ,1900-01-01 00:00:00+00:00,2026-03-04 00:00:00+00:00
HRB,1900-01-01 00:00:00+00:00,2020-09-21 00:00:00+00:00
HRL,2009-03-03 00:00:00+00:00,2026-03-04 00:00:00+00:00
HSIC,2015-03-18 00:00:00+00:00,2026-03-04 00:00:00+00:00
HSP,1900-01-01 00:00:00+00:00,2015-09-02 00:00:00+00:00
HST,1900-01-01 00:00:00+00:00,2026-03-04 00:00:00+00:00
HSY,1900-01-01 00:00:00+00:00,2026-03-04 00:00:00+00:00
HUBB,2023-10-18 00:00:00+00:00,2026-03-04 00:00:00+00:00
HUM,1900-01-01 00:00:00+00:00,2026-03-04 00:00:00+00:00
HWM,2020-04-01 00:00:00+00:00,2026-03-04 00:00:00+00:00
IBKR,2025-08-28 00:00:00+00:00,2026-03-04 00:00:00+00:00
IBM,1900-01-01 00:00:00+00:00,2026-03-04 00:00:00+00:00
ICE,2007-09-26 00:00:00+00:00,2026-03-04 00:00:00+00:00
IDXX,2017-01-05 00:00:00+00:00,2026-03-04 00:00:00+00:00
IEX,2019-08-09 00:00:00+00:00,2026-03-04 00:00:00+00:00
IFF,1900-01-01 00:00:00+00:00,2026-03-04 00:00:00+00:00
IGT,1900-01-01 00:00:00+00:00,2014-06-20 00:00:00+00:00
ILMN,2015-11-19 00:00:00+00:00,2024-06-24 00:00:00+00:00
INCY,2017-02-28 00:00:00+00:00,2026-03-04 00:00:00+00:00
INFO,2017-06-02 00:00:00+00:00,2022-03-02 00:00:00+00:00
INTC,1900-01-01 00:00:00+00:00,2026-03-04 00:00:00+00:00
INTU,2000-12-05 00:00:00+00:00,2026-03-04 00:00:00+00:00
INVH,2022-09-19 00:00:00+00:00,2026-03-04 00:00:00+00:00
IP,1900-01-01 00:00:00+00:00,2026-03-04 00:00:00+00:00
IPG,1900-01-01 00:00:00+00:00,2025-11-28 00:00:00+00:00
IPGP,2018-03-07 00:00:00+00:00,2022-06-21 00:00:00+00:00
IQV,1900-01-01 00:00:00+00:00,2026-03-04 00:00:00+00:00
IR,2020-03-02 00:00:00+00:00,2026-03-04 00:00:00+00:00
IRM,1900-01-01 00:00:00+00:00,2026-03-04 00:00:00+00:00
ISRG,1900-01-01 00:00:00+00:00,2026-03-04 00:00:00+00:00
IT,2017-04-05 00:00:00+00:00,2026-03-04 00:00:00+00:00
ITT,1900-01-01 00:00:00+00:00,2011-10-31 00:00:00+00:00
ITW,1900-01-01 00:00:00+00:00,2026-03-04 00:00:00+00:00
IVZ,1900-01-01 00:00:00+00:00,2026-03-04 00:00:00+00:00
J,1900-01-01 00:00:00+00:00,2026-03-04 00:00:00+00:00
JBHT,2015-07-01 00:00:00+00:00,2026-03-04 00:00:00+00:00
JBL,1900-01-01 00:00:00+00:00,2014-11-05 00:00:00+00:00
JBL,2023-12-18 00:00:00+00:00,2026-03-04 00:00:00+00:00
JCI,1900-01-01 00:00:00+00:00,2026-03-04 00:00:00+00:00
JCP,1900-01-01 00:00:00+00:00,2013-12-02 00:00:00+00:00
JDSU,2000-07-27 00:00:00+00:00,2013-12-23 00:00:00+00:00
JEF,1900-01-01 00:00:00+00:00,2019-09-26 00:00:00+00:00
JKHY,2018-11-13 00:00:00+00:00,2026-03-04 00:00:00+00:00
JNJ,1900-01-01 00:00:00+00:00,2026-03-04 00:00:00+00:00
JNPR,2006-06-02 00:00:00+00:00,2025-07-09 00:00:00+00:00
JNS,1900-01-01 00:00:00+00:00,2011-11-18 00:00:00+00:00
JNY,1900-01-01 00:00:00+00:00,2009-03-03 00:00:00+00:00
JOY,1900-01-01 00:00:00+00:00,2015-10-07 00:00:00+00:00
JPM,1900-01-01 00:00:00+00:00,2026-03-04 00:00:00+00:00
JWN,1900-01-01 00:00:00+00:00,2020-06-22 00:00:00+00:00
K,1900-01-01 00:00:00+00:00,2025-12-11 00:00:00+00:00
KBH,1900-01-01 00:00:00+00:00,2009-12-18 00:00:00+00:00
KDP,2022-06-21 00:00:00+00:00,2026-03-04 00:00:00+00:00
KEY,1900-01-01 00:00:00+00:00,2026-03-04 00:00:00+00:00
KEYS,2018-11-06 00:00:00+00:00,2026-03-04 00:00:00+00:00
KFT,2007-03-30 00:00:00+00:00,2012-10-02 00:00:00+00:00
KG,1900-01-01 00:00:00+00:00,2010-12-17 00:00:00+00:00
KHC,2015-07-06 00:00:00+00:00,2026-03-04 00:00:00+00:00
KIM,1900-01-01 00:00:00+00:00,2026-03-04 00:00:00+00:00
KKR,2024-06-24 00:00:00+00:00,2026-03-04 00:00:00+00:00
KLAC,1900-01-01 00:00:00+00:00,2026-03-04 00:00:00+00:00
KMB,1900-01-01 00:00:00+00:00,2026-03-04 00:00:00+00:00
KMI,2012-05-17 00:00:00+00:00,2026-03-04 00:00:00+00:00
KMX,2010-06-28 00:00:00+00:00,2025-10-31 00:00:00+00:00
KO,1900-01-01 00:00:00+00:00,2026-03-04 00:00:00+00:00
KR,1900-01-01 00:00:00+00:00,2026-03-04 00:00:00+00:00
KRFT,2012-10-02 00:00:00+00:00,2015-07-06 00:00:00+00:00
KSE,1900-01-01 00:00:00+00:00,2007-08-24 00:00:00+00:00
KSS,1900-01-01 00:00:00+00:00,2020-09-21 00:00:00+00:00
KSU,2013-05-23 00:00:00+00:00,2021-12-14 00:00:00+00:00
KVUE,2023-08-25 00:00:00+00:00,2026-03-04 00:00:00+00:00
L,1900-01-01 00:00:00+00:00,2026-03-04 00:00:00+00:00
LDOS,2019-08-09 00:00:00+00:00,2026-03-04 00:00:00+00:00
LDW,1900-01-01 00:00:00+00:00,1999-12-08 00:00:00+00:00
LEG,1900-01-01 00:00:00+00:00,2021-12-20 00:00:00+00:00
LEH,1900-01-01 00:00:00+00:00,2008-09-16 00:00:00+00:00
LEN,1900-01-01 00:00:00+00:00,2026-03-04 00:00:00+00:00
LH,1900-01-01 00:00:00+00:00,2026-03-04 00:00:00+00:00
LHX,1900-01-01 00:00:00+00:00,2026-03-04 00:00:00+00:00
LIFE,1900-01-01 00:00:00+00:00,2014-01-24 00:00:00+00:00
LII,2024-12-23 00:00:00+00:00,2026-03-04 00:00:00+00:00
LIN,1900-01-01 00:00:00+00:00,2026-03-04 00:00:00+00:00
LKQ,2016-05-23 00:00:00+00:00,2025-12-22 00:00:00+00:00
LLL,1900-01-01 00:00:00+00:00,2019-07-01 00:00:00+00:00
LLTC,1900-01-01 00:00:00+00:00,2017-03-13 00:00:00+00:00
LLY,1900-01-01 00:00:00+00:00,2026-03-04 00:00:00+00:00
LM,1900-01-01 00:00:00+00:00,2016-12-02 00:00:00+00:00
LMT,1900-01-01 00:00:00+00:00,2026-03-04 00:00:00+00:00
LNC,1900-01-01 00:00:00+00:00,2023-09-18 00:00:00+00:00
LNT,2016-07-01 00:00:00+00:00,2026-03-04 00:00:00+00:00
LO,2008-06-10 00:00:00+00:00,2015-06-11 00:00:00+00:00
LOW,1900-01-01 00:00:00+00:00,2026-03-04 00:00:00+00:00
LRCX,2012-06-05 00:00:00+00:00,2026-03-04 00:00:00+00:00
LSI,1900-01-01 00:00:00+00:00,2014-05-08 00:00:00+00:00
LULU,2023-10-18 00:00:00+00:00,2026-03-04 00:00:00+00:00
LUMN,1900-01-01 00:00:00+00:00,2023-03-20 00:00:00+00:00
LUV,1900-01-01 00:00:00+00:00,2026-03-04 00:00:00+00:00
LVLT,2014-11-05 00:00:00+00:00,2017-10-13 00:00:00+00:00
LVS,2019-10-03 00:00:00+00:00,2026-03-04 00:00:00+00:00
LW,2018-12-03 00:00:00+00:00,2026-03-04 00:00:00+00:00
LXK,1900-01-01 00:00:00+00:00,2012-10-01 00:00:00+00:00
LYB,2012-09-05 00:00:00+00:00,2026-03-04 00:00:00+00:00
LYV,2019-12-23 00:00:00+00:00,2026-03-04 00:00:00+00:00
M,1900-01-01 00:00:00+00:00,2020-04-06 00:00:00+00:00
MA,1900-01-01 00:00:00+00:00,2026-03-04 00:00:00+00:00
MAA,2016-12-02 00:00:00+00:00,2026-03-04 00:00:00+00:00
MAC,2013-05-08 00:00:00+00:00,2019-12-23 00:00:00+00:00
MAR,1900-01-01 00:00:00+00:00,2026-03-04 00:00:00+00:00
MAS,1900-01-01 00:00:00+00:00,2026-03-04 00:00:00+00:00
MAT,1900-01-01 00:00:00+00:00,2019-06-07 00:00:00+00:00
MBC,2022-12-15 00:00:00+00:00,2022-12-19 00:00:00+00:00
MBI,1900-01-01 00:00:00+00:00,2009-12-18 00:00:00+00:00
MCD,1900-01-01 00:00:00+00:00,2026-03-04 00:00:00+00:00
MCHP,1900-01-01 00:00:00+00:00,2026-03-04 00:00:00+00:00
MCK,1900-01-01 00:00:00+00:00,2026-03-04 00:00:00+00:00
MCO,1900-01-01 00:00:00+00:00,2026-03-04 00:00:00+00:00
MDLZ,2012-10-02 00:00:00+00:00,2026-03-04 00:00:00+00:00
MDP,1900-01-01 00:00:00+00:00,2011-01-03 00:00:00+00:00
MDT,1900-01-01 00:00:00+00:00,2026-03-04 00:00:00+00:00
MEE,2008-06-23 00:00:00+00:00,2011-06-01 00:00:00+00:00
MET,1900-01-01 00:00:00+00:00,2026-03-04 00:00:00+00:00
META,1900-01-01 00:00:00+00:00,2026-03-04 00:00:00+00:00
MFE,1900-01-01 00:00:00+00:00,2011-02-28 00:00:00+00:00
MGM,2017-07-26 00:00:00+00:00,2026-03-04 00:00:00+00:00
MHK,2013-12-23 00:00:00+00:00,2025-12-22 00:00:00+00:00
MHS,1900-01-01 00:00:00+00:00,2012-04-03 00:00:00+00:00
MI,1900-01-01 00:00:00+00:00,2011-07-05 00:00:00+00:00
MIL,1900-01-01 00:00:00+00:00,2010-07-14 00:00:00+00:00
MJN,2009-12-18 00:00:00+00:00,2017-06-19 00:00:00+00:00
MKC,1900-01-01 00:00:00+00:00,2026-03-04 00:00:00+00:00
MKTX,2019-07-01 00:00:00+00:00,2025-09-22 00:00:00+00:00
MLM,2014-07-02 00:00:00+00:00,2026-03-04 00:00:00+00:00
MMI,2011-01-03 00:00:00+00:00,2012-05-21 00:00:00+00:00
MMM,1900-01-01 00:00:00+00:00,2026-03-04 00:00:00+00:00
MNK,2014-08-18 00:00:00+00:00,2017-07-26 00:00:00+00:00
MNST,2012-06-29 00:00:00+00:00,2026-03-04 00:00:00+00:00
MO,1900-01-01 00:00:00+00:00,2026-03-04 00:00:00+00:00
MOH,2022-03-02 00:00:00+00:00,2026-03-04 00:00:00+00:00
MOLX,1900-01-01 00:00:00+00:00,2013-12-10 00:00:00+00:00
MON,1900-01-01 00:00:00+00:00,2018-06-07 00:00:00+00:00
MOS,2011-09-23 00:00:00+00:00,2026-03-04 00:00:00+00:00
MPC,2011-06-30 00:00:00+00:00,2026-03-04 00:00:00+00:00
MPWR,2021-02-12 00:00:00+00:00,2026-03-04 00:00:00+00:00
MRK,1900-01-01 00:00:00+00:00,2026-03-04 00:00:00+00:00
MRNA,2021-07-21 00:00:00+00:00,2026-03-04 00:00:00+00:00
MRO,1900-01-01 00:00:00+00:00,2024-11-26 00:00:00+00:00
MRSH,1900-01-01 00:00:00+00:00,2026-03-04 00:00:00+00:00
MS,1900-01-01 00:00:00+00:00,2026-03-04 00:00:00+00:00
MSCI,2018-04-04 00:00:00+00:00,2026-03-04 00:00:00+00:00
MSFT,1900-01-01 00:00:00+00:00,2026-03-04 00:00:00+00:00
MSI,1900-01-01 00:00:00+00:00,2026-03-04 00:00:00+00:00
MTB,1900-01-01 00:00:00+00:00,2026-03-04 00:00:00+00:00
MTCH,2021-09-20 00:00:00+00:00,2026-03-04 00:00:00+00:00
MTD,2016-09-06 00:00:00+00:00,2026-03-04 00:00:00+00:00
MU,1900-01-01 00:00:00+00:00,2026-03-04 00:00:00+00:00
MUR,1900-01-01 00:00:00+00:00,2017-07-26 00:00:00+00:00
MWW,1900-01-01 00:00:00+00:00,2011-12-16 00:00:00+00:00
MXIM,1900-01-01 00:00:00+00:00,2007-09-27 00:00:00+00:00
MXIM,2018-12-03 00:00:00+00:00,2021-08-30 00:00:00+00:00
NAVI,2014-05-01 00:00:00+00:00,2018-06-05 00:00:00+00:00
NBL,1900-01-01 00:00:00+00:00,2020-10-12 00:00:00+00:00
NBR,1900-01-01 00:00:00+00:00,2015-03-23 00:00:00+00:00
NCLH,2017-10-13 00:00:00+00:00,2026-03-04 00:00:00+00:00
NCR,1900-01-01 00:00:00+00:00,2007-10-01 00:00:00+00:00
NDAQ,1900-01-01 00:00:00+00:00,2026-03-04 00:00:00+00:00
NDSN,2022-02-15 00:00:00+00:00,2026-03-04 00:00:00+00:00
NE,1900-01-01 00:00:00+00:00,2015-07-20 00:00:00+00:00
NEE,1900-01-01 00:00:00+00:00,2026-03-04 00:00:00+00:00
NEM,1900-01-01 00:00:00+00:00,2026-03-04 00:00:00+00:00
NFLX,2010-12-17 00:00:00+00:00,2026-03-04 00:00:00+00:00
NFX,2010-12-17 00:00:00+00:00,2019-02-15 00:00:00+00:00
NI,1900-01-01 00:00:00+00:00,2026-03-04 00:00:00+00:00
NKE,1900-01-01 00:00:00+00:00,2026-03-04 00:00:00+00:00
NKTR,2018-03-19 00:00:00+00:00,2019-10-03 00:00:00+00:00
NLSN,2013-07-08 00:00:00+00:00,2022-10-12 00:00:00+00:00
NOC,1900-01-01 00:00:00+00:00,2026-03-04 00:00:00+00:00
NOV,1900-01-01 00:00:00+00:00,2021-09-20 00:00:00+00:00
NOVL,1900-01-01 00:00:00+00:00,2011-04-27 00:00:00+00:00
NOW,2019-11-21 00:00:00+00:00,2026-03-04 00:00:00+00:00
NRG,1900-01-01 00:00:00+00:00,2026-03-04 00:00:00+00:00
NSC,1900-01-01 00:00:00+00:00,2026-03-04 00:00:00+00:00
NSM,1900-01-01 00:00:00+00:00,2011-09-23 00:00:00+00:00
NTAP,1900-01-01 00:00:00+00:00,2026-03-04 00:00:00+00:00
NTRS,1900-01-01 00:00:00+00:00,2026-03-04 00:00:00+00:00
NUE,1900-01-01 00:00:00+00:00,2026-03-04 00:00:00+00:00
NVDA,1900-01-01 00:00:00+00:00,2026-03-04 00:00:00+00:00
NVLS,1900-01-01 00:00:00+00:00,2012-06-05 00:00:00+00:00
NVR,2019-09-26 00:00:00+00:00,2026-03-04 00:00:00+00:00
NWL,1900-01-01 00:00:00+00:00,2023-09-18 00:00:00+00:00
NWS,2015-09-18 00:00:00+00:00,2026-03-04 00:00:00+00:00
NWSA,2013-07-01 00:00:00+00:00,2026-03-04 00:00:00+00:00
NXPI,2021-03-22 00:00:00+00:00,2026-03-04 00:00:00+00:00
NYT,1900-01-01 00:00:00+00:00,2010-12-17 00:00:00+00:00
NYX,1900-01-01 00:00:00+00:00,2013-11-13 00:00:00+00:00
O,2015-04-07 00:00:00+00:00,2026-03-04 00:00:00+00:00
ODFL,2019-12-09 00:00:00+00:00,2026-03-04 00:00:00+00:00
ODP,1900-01-01 00:00:00+00:00,2010-12-17 00:00:00+00:00
OGN,2021-06-03 00:00:00+00:00,2023-10-18 00:00:00+00:00
OI,1900-01-01 00:00:00+00:00,2000-12-05 00:00:00+00:00
OI,2008-12-31 00:00:00+00:00,2016-12-02 00:00:00+00:00
OKE,1900-01-01 00:00:00+00:00,2026-03-04 00:00:00+00:00
OMC,1900-01-01 00:00:00+00:00,2026-03-04 00:00:00+00:00
OMX,1900-01-01 00:00:00+00:00,2008-06-23 00:00:00+00:00
ON,2022-06-21 00:00:00+00:00,2026-03-04 00:00:00+00:00
ORCL,1900-01-01 00:00:00+00:00,2026-03-04 00:00:00+00:00
ORLY,1900-01-01 00:00:00+00:00,2026-03-04 00:00:00+00:00
OTIS,2020-04-03 00:00:00+00:00,2026-03-04 00:00:00+00:00
OXY,1900-01-01 00:00:00+00:00,2026-03-04 00:00:00+00:00
PANW,2023-06-20 00:00:00+00:00,2026-03-04 00:00:00+00:00
PAYC,2020-01-28 00:00:00+00:00,2026-03-04 00:00:00+00:00
PAYX,1900-01-01 00:00:00+00:00,2026-03-04 00:00:00+00:00
PBCT,1900-01-01 00:00:00+00:00,2022-04-04 00:00:00+00:00
PBI,1900-01-01 00:00:00+00:00,2017-03-01 00:00:00+00:00
PCAR,1900-01-01 00:00:00+00:00,2026-03-04 00:00:00+00:00
PCG,1900-01-01 00:00:00+00:00,2019-01-18 00:00:00+00:00
PCG,2022-10-03 00:00:00+00:00,2026-03-04 00:00:00+00:00
PCL,1900-01-01 00:00:00+00:00,2016-02-22 00:00:00+00:00
PCP,1900-01-01 00:00:00+00:00,2016-02-01 00:00:00+00:00
PCS,2009-06-29 00:00:00+00:00,2013-04-30 00:00:00+00:00
PDCO,1900-01-01 00:00:00+00:00,2018-03-19 00:00:00+00:00
PEG,1900-01-01 00:00:00+00:00,2026-03-04 00:00:00+00:00
PENN,2021-03-22 00:00:00+00:00,2022-09-19 00:00:00+00:00
PEP,1900-01-01 00:00:00+00:00,2026-03-04 00:00:00+00:00
PETM,2012-10-10 00:00:00+00:00,2015-03-12 00:00:00+00:00
PFE,1900-01-01 00:00:00+00:00,2026-03-04 00:00:00+00:00
PFG,1900-01-01 00:00:00+00:00,2026-03-04 00:00:00+00:00
PG,1900-01-01 00:00:00+00:00,2026-03-04 00:00:00+00:00
PGN,1900-01-01 00:00:00+00:00,2012-07-02 00:00:00+00:00
PGR,1900-01-01 00:00:00+00:00,2026-03-04 00:00:00+00:00
PH,1900-01-01 00:00:00+00:00,2026-03-04 00:00:00+00:00
PHM,1900-01-01 00:00:00+00:00,2026-03-04 00:00:00+00:00
PKG,2017-07-26 00:00:00+00:00,2026-03-04 00:00:00+00:00
PLD,1900-01-01 00:00:00+00:00,2026-03-04 00:00:00+00:00
PLL,1900-01-01 00:00:00+00:00,2015-08-28 00:00:00+00:00
PLTR,2024-09-23 00:00:00+00:00,2026-03-04 00:00:00+00:00
PM,1900-01-01 00:00:00+00:00,2026-03-04 00:00:00+00:00
PNC,1900-01-01 00:00:00+00:00,2026-03-04 00:00:00+00:00
PNR,2012-10-01 00:00:00+00:00,2026-03-04 00:00:00+00:00
PNW,1900-01-01 00:00:00+00:00,2026-03-04 00:00:00+00:00
PODD,2023-03-15 00:00:00+00:00,2026-03-04 00:00:00+00:00
POM,1900-01-01 00:00:00+00:00,2016-03-30 00:00:00+00:00
POOL,2020-10-07 00:00:00+00:00,2026-03-04 00:00:00+00:00
PPG,1900-01-01 00:00:00+00:00,2026-03-04 00:00:00+00:00
PPL,1900-01-01 00:00:00+00:00,2026-03-04 00:00:00+00:00
PRGO,2011-12-16 00:00:00+00:00,2021-09-20 00:00:00+00:00
PRU,1900-01-01 00:00:00+00:00,2026-03-04 00:00:00+00:00
PSA,1900-01-01 00:00:00+00:00,2026-03-04 00:00:00+00:00
PSKY,1900-01-01 00:00:00+00:00,2026-03-04 00:00:00+00:00
PSX,2012-04-23 00:00:00+00:00,2026-03-04 00:00:00+00:00
PTC,2021-04-20 00:00:00+00:00,2026-03-04 00:00:00+00:00
PTV,1900-01-01 00:00:00+00:00,2010-11-17 00:00:00+00:00
PVH,2013-02-15 00:00:00+00:00,2022-09-19 00:00:00+00:00
PWR,1900-01-01 00:00:00+00:00,2026-03-04 00:00:00+00:00
PXD,1900-01-01 00:00:00+00:00,2024-05-08 00:00:00+00:00
PYPL,2015-07-20 00:00:00+00:00,2026-03-04 00:00:00+00:00
Q,1900-01-01 00:00:00+00:00,2011-03-31 00:00:00+00:00
Q,2025-11-03 00:00:00+00:00,2026-03-04 00:00:00+00:00
QCOM,1900-01-01 00:00:00+00:00,2026-03-04 00:00:00+00:00
QEP,2010-06-30 00:00:00+00:00,2015-07-01 00:00:00+00:00
QRVO,2015-06-11 00:00:00+00:00,2024-12-23 00:00:00+00:00
QTRN,1900-01-01 00:00:00+00:00,2003-09-25 00:00:00+00:00
R,1900-01-01 00:00:00+00:00,2017-06-19 00:00:00+00:00
RAD,1900-01-01 00:00:00+00:00,2000-07-27 00:00:00+00:00
RAI,1900-01-01 00:00:00+00:00,2017-07-26 00:00:00+00:00
RCL,2014-12-05 00:00:00+00:00,2026-03-04 00:00:00+00:00
RDC,1900-01-01 00:00:00+00:00,2014-08-18 00:00:00+00:00
REG,2017-03-02 00:00:00+00:00,2026-03-04 00:00:00+00:00
REGN,2013-04-30 00:00:00+00:00,2026-03-04 00:00:00+00:00
RF,1900-01-01 00:00:00+00:00,2026-03-04 00:00:00+00:00
RHI,1900-01-01 00:00:00+00:00,2024-06-24 00:00:00+00:00
RHT,1900-01-01 00:00:00+00:00,2019-07-15 00:00:00+00:00
RIG,2013-10-29 00:00:00+00:00,2017-07-26 00:00:00+00:00
RJF,2017-03-20 00:00:00+00:00,2026-03-04 00:00:00+00:00
RL,1900-01-01 00:00:00+00:00,2026-03-04 00:00:00+00:00
RMD,2017-07-26 00:00:00+00:00,2026-03-04 00:00:00+00:00
ROK,1900-01-01 00:00:00+00:00,2026-03-04 00:00:00+00:00
ROL,2018-10-01 00:00:00+00:00,2026-03-04 00:00:00+00:00
ROP,1900-01-01 00:00:00+00:00,2026-03-04 00:00:00+00:00
ROST,2009-12-18 00:00:00+00:00,2026-03-04 00:00:00+00:00
RRC,2007-12-20 00:00:00+00:00,2018-06-18 00:00:00+00:00
RRD,1900-01-01 00:00:00+00:00,2012-12-11 00:00:00+00:00
RSG,1900-01-01 00:00:00+00:00,2026-03-04 00:00:00+00:00
RSH,1900-01-01 00:00:00+00:00,2011-06-30 00:00:00+00:00
RTN,1900-01-01 00:00:00+00:00,2020-04-06 00:00:00+00:00
RTX,1900-01-01 00:00:00+00:00,2026-03-04 00:00:00+00:00
RVTY,1900-01-01 00:00:00+00:00,2026-03-04 00:00:00+00:00
RX,1900-01-01 00:00:00+00:00,2010-02-26 00:00:00+00:00
S,1900-01-01 00:00:00+00:00,2013-07-08 00:00:00+00:00
SAI,2009-12-18 00:00:00+00:00,2013-09-20 00:00:00+00:00
SBAC,2017-09-01 00:00:00+00:00,2026-03-04 00:00:00+00:00
SBL,2000-12-05 00:00:00+00:00,2007-01-10 00:00:00+00:00
SBNY,2021-12-20 00:00:00+00:00,2023-03-15 00:00:00+00:00
SBUX,2000-06-07 00:00:00+00:00,2026-03-04 00:00:00+00:00
SCG,1900-01-01 00:00:00+00:00,2019-01-02 00:00:00+00:00
SCHW,1900-01-01 00:00:00+00:00,2026-03-04 00:00:00+00:00
SE,1900-01-01 00:00:00+00:00,2017-02-28 00:00:00+00:00
SEDG,2021-12-20 00:00:00+00:00,2023-12-18 00:00:00+00:00
SEE,1900-01-01 00:00:00+00:00,2023-12-18 00:00:00+00:00
SGP,1900-01-01 00:00:00+00:00,2009-11-03 00:00:00+00:00
SHLD,1900-01-01 00:00:00+00:00,2012-09-05 00:00:00+00:00
SHW,1900-01-01 00:00:00+00:00,2026-03-04 00:00:00+00:00
SIAL,1900-01-01 00:00:00+00:00,2015-11-19 00:00:00+00:00
SIG,2015-07-29 00:00:00+00:00,2018-03-19 00:00:00+00:00
SII,1900-01-01 00:00:00+00:00,2010-08-26 00:00:00+00:00
SIVB,2018-03-19 00:00:00+00:00,2023-03-15 00:00:00+00:00
SJM,1900-01-01 00:00:00+00:00,2026-03-04 00:00:00+00:00
SLB,1900-01-01 00:00:00+00:00,2026-03-04 00:00:00+00:00
SLE,1900-01-01 00:00:00+00:00,2012-06-29 00:00:00+00:00
SLG,2015-03-23 00:00:00+00:00,2021-03-22 00:00:00+00:00
SLM,1900-01-01 00:00:00+00:00,2014-05-01 00:00:00+00:00
SLR,1900-01-01 00:00:00+00:00,2007-10-02 00:00:00+00:00
SMCI,2024-03-18 00:00:00+00:00,2026-03-04 00:00:00+00:00
SMS,1900-01-01 00:00:00+00:00,2000-06-07 00:00:00+00:00
SNA,1900-01-01 00:00:00+00:00,2026-03-04 00:00:00+00:00
SNDK,1900-01-01 00:00:00+00:00,2016-05-13 00:00:00+00:00
SNDK,2025-11-28 00:00:00+00:00,2026-03-04 00:00:00+00:00
SNI,1900-01-01 00:00:00+00:00,2018-03-07 00:00:00+00:00
SNPS,2017-03-16 00:00:00+00:00,2026-03-04 00:00:00+00:00
SO,1900-01-01 00:00:00+00:00,2026-03-04 00:00:00+00:00
SOLS,2025-10-30 00:00:00+00:00,2025-12-22 00:00:00+00:00
SOLV,2024-04-01 00:00:00+00:00,2026-03-04 00:00:00+00:00
SPG,1900-01-01 00:00:00+00:00,2026-03-04 00:00:00+00:00
SPGI,1900-01-01 00:00:00+00:00,2026-03-04 00:00:00+00:00
SPLS,1900-01-01 00:00:00+00:00,2017-09-18 00:00:00+00:00
SRCL,1900-01-01 00:00:00+00:00,2018-12-03 00:00:00+00:00
SRE,1900-01-01 00:00:00+00:00,2026-03-04 00:00:00+00:00
STE,2019-12-23 00:00:00+00:00,2026-03-04 00:00:00+00:00
STI,1900-01-01 00:00:00+00:00,2019-12-09 00:00:00+00:00
STJ,1900-01-01 00:00:00+00:00,2017-01-05 00:00:00+00:00
STLD,2022-12-22 00:00:00+00:00,2026-03-04 00:00:00+00:00
STR,1900-01-01 00:00:00+00:00,2010-06-30 00:00:00+00:00
STT,1900-01-01 00:00:00+00:00,2026-03-04 00:00:00+00:00
STX,2012-07-02 00:00:00+00:00,2026-03-04 00:00:00+00:00
STZ,2005-07-01 00:00:00+00:00,2026-03-04 00:00:00+00:00
SUN,1900-01-01 00:00:00+00:00,2012-10-10 00:00:00+00:00
SVU,1900-01-01 00:00:00+00:00,2012-04-23 00:00:00+00:00
SW,1900-01-01 00:00:00+00:00,2026-03-04 00:00:00+00:00
SWK,1900-01-01 00:00:00+00:00,2026-03-04 00:00:00+00:00
SWKS,2015-03-12 00:00:00+00:00,2026-03-04 00:00:00+00:00
SWN,1900-01-01 00:00:00+00:00,2017-04-04 00:00:00+00:00
SWY,1900-01-01 00:00:00+00:00,2015-01-27 00:00:00+00:00
SYF,2015-11-18 00:00:00+00:00,2026-03-04 00:00:00+00:00
SYK,1900-01-01 00:00:00+00:00,2026-03-04 00:00:00+00:00
SYY,1900-01-01 00:00:00+00:00,2026-03-04 00:00:00+00:00
T,1900-01-01 00:00:00+00:00,2026-03-04 00:00:00+00:00
TAP,1900-01-01 00:00:00+00:00,2026-03-04 00:00:00+00:00
TDC,2007-10-01 00:00:00+00:00,2017-06-19 00:00:00+00:00
TDG,2016-06-03 00:00:00+00:00,2026-03-04 00:00:00+00:00
TDY,2020-06-22 00:00:00+00:00,2026-03-04 00:00:00+00:00
TE,1900-01-01 00:00:00+00:00,2016-07-01 00:00:00+00:00
TECH,2021-08-30 00:00:00+00:00,2026-03-04 00:00:00+00:00
TEG,1900-01-01 00:00:00+00:00,2015-07-01 00:00:00+00:00
TEL,1900-01-01 00:00:00+00:00,2009-06-25 00:00:00+00:00
TEL,2011-10-14 00:00:00+00:00,2026-03-04 00:00:00+00:00
TER,1900-01-01 00:00:00+00:00,2013-12-23 00:00:00+00:00
TER,2020-09-21 00:00:00+00:00,2026-03-04 00:00:00+00:00
TFC,1900-01-01 00:00:00+00:00,2026-03-04 00:00:00+00:00
TFX,2019-01-18 00:00:00+00:00,2025-03-24 00:00:00+00:00
TGNA,1900-01-01 00:00:00+00:00,2017-06-02 00:00:00+00:00
TGT,1900-01-01 00:00:00+00:00,2026-03-04 00:00:00+00:00
THC,1900-01-01 00:00:00+00:00,2016-04-18 00:00:00+00:00
TIE,1900-01-01 00:00:00+00:00,2012-12-21 00:00:00+00:00
TIF,1900-01-01 00:00:00+00:00,2021-01-07 00:00:00+00:00
TJX,1900-01-01 00:00:00+00:00,2026-03-04 00:00:00+00:00
TKO,2025-03-24 00:00:00+00:00,2026-03-04 00:00:00+00:00
TLAB,1900-01-01 00:00:00+00:00,2011-12-20 00:00:00+00:00
TMC,1900-01-01 00:00:00+00:00,2000-06-12 00:00:00+00:00
TMO,1900-01-01 00:00:00+00:00,2026-03-04 00:00:00+00:00
TMUS,2019-07-15 00:00:00+00:00,2026-03-04 00:00:00+00:00
TPL,2024-11-26 00:00:00+00:00,2026-03-04 00:00:00+00:00
TPR,1900-01-01 00:00:00+00:00,2026-03-04 00:00:00+00:00
TRB,1900-01-01 00:00:00+00:00,2007-12-20 00:00:00+00:00
TRGP,2022-10-12 00:00:00+00:00,2026-03-04 00:00:00+00:00
TRIP,2011-12-20 00:00:00+00:00,2019-12-23 00:00:00+00:00
TRMB,2021-01-21 00:00:00+00:00,2026-03-04 00:00:00+00:00
TROW,1900-01-01 00:00:00+00:00,2026-03-04 00:00:00+00:00
TRV,1900-01-01 00:00:00+00:00,2026-03-04 00:00:00+00:00
TSCO,2014-01-24 00:00:00+00:00,2026-03-04 00:00:00+00:00
TSG,1900-01-01 00:00:00+00:00,2007-03-30 00:00:00+00:00
TSLA,2020-12-21 00:00:00+00:00,2026-03-04 00:00:00+00:00
TSN,1900-01-01 00:00:00+00:00,2026-03-04 00:00:00+00:00
TSS,1900-01-01 00:00:00+00:00,2019-09-23 00:00:00+00:00
TT,1900-01-01 00:00:00+00:00,2026-03-04 00:00:00+00:00
TTD,2025-07-18 00:00:00+00:00,2026-03-04 00:00:00+00:00
TTWO,2018-03-19 00:00:00+00:00,2026-03-04 00:00:00+00:00
TWC,1900-01-01 00:00:00+00:00,2016-05-18 00:00:00+00:00
TWTR,2018-06-07 00:00:00+00:00,2022-11-01 00:00:00+00:00
TWX,1900-01-01 00:00:00+00:00,2018-06-20 00:00:00+00:00
TXN,1900-01-01 00:00:00+00:00,2026-03-04 00:00:00+00:00
TXT,1900-01-01 00:00:00+00:00,2026-03-04 00:00:00+00:00
TYC,2010-08-26 00:00:00+00:00,2016-09-06 00:00:00+00:00
TYL,2020-06-22 00:00:00+00:00,2026-03-04 00:00:00+00:00
UA,2016-04-08 00:00:00+00:00,2022-06-21 00:00:00+00:00
UAA,1900-01-01 00:00:00+00:00,2022-06-21 00:00:00+00:00
UAL,2015-09-02 00:00:00+00:00,2026-03-04 00:00:00+00:00
UBER,2023-12-18 00:00:00+00:00,2026-03-04 00:00:00+00:00
UDR,2016-03-07 00:00:00+00:00,2026-03-04 00:00:00+00:00
UHS,2014-09-20 00:00:00+00:00,2026-03-04 00:00:00+00:00
ULTA,2016-04-18 00:00:00+00:00,2026-03-04 00:00:00+00:00
UNH,1900-01-01 00:00:00+00:00,2026-03-04 00:00:00+00:00
UNM,1900-01-01 00:00:00+00:00,2021-09-20 00:00:00+00:00
UNP,1900-01-01 00:00:00+00:00,2026-03-04 00:00:00+00:00
UPS,1900-01-01 00:00:00+00:00,2026-03-04 00:00:00+00:00
URBN,1900-01-01 00:00:00+00:00,2017-03-20 00:00:00+00:00
URI,2014-09-20 00:00:00+00:00,2026-03-04 00:00:00+00:00
USB,1900-01-01 00:00:00+00:00,2026-03-04 00:00:00+00:00
USL,1900-01-01 00:00:00+00:00,1997-06-17 00:00:00+00:00
V,2009-12-18 00:00:00+00:00,2026-03-04 00:00:00+00:00
VAR,1900-01-01 00:00:00+00:00,2021-04-20 00:00:00+00:00
VFC,1900-01-01 00:00:00+00:00,2024-04-03 00:00:00+00:00
VIAB,1900-01-01 00:00:00+00:00,2019-12-05 00:00:00+00:00
VICI,2022-06-08 00:00:00+00:00,2026-03-04 00:00:00+00:00
VLO,1900-01-01 00:00:00+00:00,2026-03-04 00:00:00+00:00
VLTO,2023-10-02 00:00:00+00:00,2026-03-04 00:00:00+00:00
VMC,1900-01-01 00:00:00+00:00,2026-03-04 00:00:00+00:00
VNO,1900-01-01 00:00:00+00:00,2023-01-05 00:00:00+00:00
VNT,2020-10-09 00:00:00+00:00,2021-03-22 00:00:00+00:00
VRSK,2015-10-07 00:00:00+00:00,2026-03-04 00:00:00+00:00
VRSN,1900-01-01 00:00:00+00:00,2026-03-04 00:00:00+00:00
VRTX,2013-09-20 00:00:00+00:00,2026-03-04 00:00:00+00:00
VST,2024-05-08 00:00:00+00:00,2026-03-04 00:00:00+00:00
VTR,2009-03-03 00:00:00+00:00,2026-03-04 00:00:00+00:00
VTRS,1900-01-01 00:00:00+00:00,2026-03-04 00:00:00+00:00
VZ,1900-01-01 00:00:00+00:00,2026-03-04 00:00:00+00:00
WAB,2019-02-27 00:00:00+00:00,2026-03-04 00:00:00+00:00
WAT,1900-01-01 00:00:00+00:00,2026-03-04 00:00:00+00:00
WB,1900-01-01 00:00:00+00:00,2008-12-31 00:00:00+00:00
WBA,1900-01-01 00:00:00+00:00,2025-08-28 00:00:00+00:00
WBD,2022-04-11 00:00:00+00:00,2026-03-04 00:00:00+00:00
WCG,2018-09-14 00:00:00+00:00,2020-01-28 00:00:00+00:00
WDAY,2024-12-23 00:00:00+00:00,2026-03-04 00:00:00+00:00
WDC,1900-01-01 00:00:00+00:00,2026-03-04 00:00:00+00:00
WEC,1900-01-01 00:00:00+00:00,2026-03-04 00:00:00+00:00
WELL,1900-01-01 00:00:00+00:00,2026-03-04 00:00:00+00:00
WFC,1900-01-01 00:00:00+00:00,2026-03-04 00:00:00+00:00
WFM,1900-01-01 00:00:00+00:00,2017-08-29 00:00:00+00:00
WFR,1900-01-01 00:00:00+00:00,2011-12-16 00:00:00+00:00
WHR,1900-01-01 00:00:00+00:00,2024-03-18 00:00:00+00:00
WIN,1900-01-01 00:00:00+00:00,2015-04-07 00:00:00+00:00
WM,1900-01-01 00:00:00+00:00,2026-03-04 00:00:00+00:00
WMB,1900-01-01 00:00:00+00:00,2026-03-04 00:00:00+00:00
WMT,1900-01-01 00:00:00+00:00,2026-03-04 00:00:00+00:00
WPX,2011-12-31 00:00:00+00:00,2014-03-21 00:00:00+00:00
WRB,2019-12-05 00:00:00+00:00,2026-03-04 00:00:00+00:00
WSM,2025-03-24 00:00:00+00:00,2026-03-04 00:00:00+00:00
WST,2020-05-22 00:00:00+00:00,2026-03-04 00:00:00+00:00
WTW,1900-01-01 00:00:00+00:00,2026-03-04 00:00:00+00:00
WU,1900-01-01 00:00:00+00:00,2021-12-20 00:00:00+00:00
WY,1900-01-01 00:00:00+00:00,2026-03-04 00:00:00+00:00
WYN,1900-01-01 00:00:00+00:00,2018-05-31 00:00:00+00:00
WYNN,1900-01-01 00:00:00+00:00,2026-03-04 00:00:00+00:00
X,1900-01-01 00:00:00+00:00,2014-07-02 00:00:00+00:00
XEC,2014-06-20 00:00:00+00:00,2020-03-02 00:00:00+00:00
XEL,1900-01-01 00:00:00+00:00,2026-03-04 00:00:00+00:00
XL,1900-01-01 00:00:00+00:00,2018-09-14 00:00:00+00:00
XLNX,1900-01-01 00:00:00+00:00,2022-02-15 00:00:00+00:00
XOM,1900-01-01 00:00:00+00:00,2026-03-04 00:00:00+00:00
XRAY,1900-01-01 00:00:00+00:00,2024-04-03 00:00:00+00:00
XRX,1900-01-01 00:00:00+00:00,2021-03-22 00:00:00+00:00
XTO,1900-01-01 00:00:00+00:00,2010-06-28 00:00:00+00:00
XYL,2011-10-31 00:00:00+00:00,2026-03-04 00:00:00+00:00
XYZ,2025-07-23 00:00:00+00:00,2026-03-04 00:00:00+00:00
YHOO,1999-12-08 00:00:00+00:00,2017-06-19 00:00:00+00:00
YUM,1900-01-01 00:00:00+00:00,2026-03-04 00:00:00+00:00
ZBH,1900-01-01 00:00:00+00:00,2026-03-04 00:00:00+00:00
ZBRA,2019-12-23 00:00:00+00:00,2026-03-04 00:00:00+00:00
ZION,1900-01-01 00:00:00+00:00,2024-03-18 00:00:00+00:00
ZTS,2013-06-21 00:00:00+00:00,2026-03-04 00:00:00+00:00
